Era,Japanese Calendar Year,year,Age Group (5-year intervals),Total Population,Male Population,Female Population
Taisho,9,1920,Total,55963053,28044185,27918868
Taisho,9,1920,0~4old,7457715,3752627,3705088
Taisho,9,1920,5~9old,6856920,3467156,3389764
Taisho,9,1920,10~14old,6101567,3089225,3012342
Taisho,9,1920,15~19old,5419057,2749022,2670035
Taisho,9,1920,20~24old,4609310,2316479,2292831
Taisho,9,1920,25~29old,3923949,2008005,1915944
Taisho,9,1920,30~34old,3609450,1833443,1776007
Taisho,9,1920,35~39old,3410738,1707771,1702967
Taisho,9,1920,40~44old,3243764,1640254,1603510
Taisho,9,1920,45~49old,2658567,1340404,1318163
Taisho,9,1920,50~54old,2234762,1122240,1112522
Taisho,9,1920,55~59old,1840093,912085,928008
Taisho,9,1920,60~64old,1655805,803033,852772
Taisho,9,1920,65~69old,1312537,614479,698058
Taisho,9,1920,70~74old,896618,399540,497078
Taisho,9,1920,75~79old,482012,198253,283759
Taisho,9,1920,80~84old,174183,65473,108710
Taisho,9,1920,85oldmore,76006,24696,51310
Taisho,14,1925,Total,59736822,30013109,29723713
Taisho,14,1925,0~4old,8264583,4160479,4104104
Taisho,14,1925,5~9old,6924432,3491171,3433261
Taisho,14,1925,10~14old,6735030,3410991,3324039
Taisho,14,1925,15~19old,5885277,2988370,2896907
Taisho,14,1925,20~24old,5060527,2574799,2485728
Taisho,14,1925,25~29old,4393471,2256502,2136969
Taisho,14,1925,30~34old,3716087,1920177,1795910
Taisho,14,1925,35~39old,3449377,1768538,1680839
Taisho,14,1925,40~44old,3221765,1624224,1597541
Taisho,14,1925,45~49old,3055149,1539488,1515661
Taisho,14,1925,50~54old,2450903,1223831,1227072
Taisho,14,1925,55~59old,1990817,981235,1009582
Taisho,14,1925,60~64old,1568341,754000,814341
Taisho,14,1925,65~69old,1294340,601475,692865
Taisho,14,1925,70~74old,919180,403555,515625
Taisho,14,1925,75~79old,523014,213632,309382
Taisho,14,1925,80~84old,215834,79096,136738
Taisho,14,1925,85oldmore,68695,21546,47149
Showa,5,1930,Total,64450005,32390155,32059850
Showa,5,1930,0~4old,9011135,4543442,4467693
Showa,5,1930,5~9old,7767085,3914786,3852299
Showa,5,1930,10~14old,6801045,3436560,3364485
Showa,5,1930,15~19old,6539604,3318663,3220941
Showa,5,1930,20~24old,5531506,2815406,2716100
Showa,5,1930,25~29old,4835634,2480757,2354877
Showa,5,1930,30~34old,4213665,2175040,2038625
Showa,5,1930,35~39old,3584833,1856905,1727928
Showa,5,1930,40~44old,3286478,1687934,1598544
Showa,5,1930,45~49old,3046263,1525157,1521106
Showa,5,1930,50~54old,2830694,1410576,1420118
Showa,5,1930,55~59old,2216103,1085866,1130237
Showa,5,1930,60~64old,1722085,820315,901770
Showa,5,1930,65~69old,1255830,577193,678637
Showa,5,1930,70~74old,926601,403984,522617
Showa,5,1930,75~79old,551718,222451,329267
Showa,5,1930,80~84old,245461,89183,156278
Showa,5,1930,85oldmore,84265,25937,58328
Showa,10,1935,Total,69254148,34734133,34520015
Showa,10,1935,0~4old,9328501,4714001,4614500
Showa,10,1935,5~9old,8531419,4303263,4228156
Showa,10,1935,10~14old,7685247,3876774,3808473
Showa,10,1935,15~19old,6640917,3350713,3290204
Showa,10,1935,20~24old,6071071,3036783,3034288
Showa,10,1935,25~29old,5240083,2670248,2569835
Showa,10,1935,30~34old,4632637,2379492,2253145
Showa,10,1935,35~39old,4045846,2093446,1952400
Showa,10,1935,40~44old,3406011,1767627,1638384
Showa,10,1935,45~49old,3112834,1591179,1521655
Showa,10,1935,50~54old,2832875,1404376,1428499
Showa,10,1935,55~59old,2571137,1255092,1316045
Showa,10,1935,60~64old,1930611,916820,1013791
Showa,10,1935,65~69old,1387092,630008,757084
Showa,10,1935,70~74old,913423,394223,519200
Showa,10,1935,75~79old,561804,224829,336975
Showa,10,1935,80~84old,263979,95043,168936
Showa,10,1935,85oldmore,98661,30216,68445
Showa,15,1940,Total,73075071,36540561,36534510
Showa,15,1940,0~4old,9128009,4619512,4508497
Showa,15,1940,5~9old,8833598,4463439,4370159
Showa,15,1940,10~14old,8407101,4242585,4164516
Showa,15,1940,15~19old,7409277,3717483,3691794
Showa,15,1940,20~24old,6103653,3057395,3046258
Showa,15,1940,25~29old,5653184,2837267,2815917
Showa,15,1940,30~34old,4947256,2507243,2440013
Showa,15,1940,35~39old,4422887,2260747,2162140
Showa,15,1940,40~44old,3834058,1976906,1857152
Showa,15,1940,45~49old,3207212,1649661,1557551
Showa,15,1940,50~54old,2887219,1456632,1430587
Showa,15,1940,55~59old,2559541,1240737,1318804
Showa,15,1940,60~64old,2227412,1049207,1178205
Showa,15,1940,65~69old,1555162,702545,852617
Showa,15,1940,70~74old,994906,421186,573720
Showa,15,1940,75~79old,546408,215952,330456
Showa,15,1940,80~84old,254127,90602,163525
Showa,15,1940,85oldmore,103099,31023,72076
Showa,20,1945,Total,71998104,33894059,38104045
Showa,20,1945,0~4old,9250418,4682797,4567621
Showa,20,1945,5~9old,8581401,4338961,4242440
Showa,20,1945,10~14old,8645267,4365844,4279423
Showa,20,1945,15~19old,7820530,3849481,3971049
Showa,20,1945,20~24old,5464684,2024120,3440564
Showa,20,1945,25~29old,4415159,1603664,2811495
Showa,20,1945,30~34old,4447337,1805587,2641750
Showa,20,1945,35~39old,4307705,1982773,2324932
Showa,20,1945,40~44old,4090208,2046909,2043299
Showa,20,1945,45~49old,3586926,1829696,1757230
Showa,20,1945,50~54old,2948808,1506234,1442574
Showa,20,1945,55~59old,2597278,1289547,1307731
Showa,20,1945,60~64old,2142268,1005064,1137204
Showa,20,1945,65~69old,1732394,775188,957206
Showa,20,1945,70~74old,1095138,462867,632271
Showa,20,1945,75~79old,551891,214842,337049
Showa,20,1945,80~84old,236741,84073,152668
Showa,20,1945,85oldmore,83951,26412,57539
Showa,25,1950,Total,84114574,41241192,42873382
Showa,25,1950,0~4old,11350580,5792551,5558029
Showa,25,1950,5~9old,9624478,4877311,4747167
Showa,25,1950,10~14old,8811354,4456939,4354415
Showa,25,1950,15~19old,8669445,4367794,4301651
Showa,25,1950,20~24old,7804536,3871815,3932721
Showa,25,1950,25~29old,6246288,2847983,3398305
Showa,25,1950,30~34old,5254401,2382599,2871802
Showa,25,1950,35~39old,5095018,2396611,2698407
Showa,25,1950,40~44old,4525471,2217547,2307924
Showa,25,1950,45~49old,4042374,2035222,2007152
Showa,25,1950,50~54old,3421396,1733836,1687560
Showa,25,1950,55~59old,2780034,1392572,1387462
Showa,25,1950,60~64old,2329349,1120403,1208946
Showa,25,1950,65~69old,1789948,803800,986148
Showa,25,1950,70~74old,1295651,545748,749903
Showa,25,1950,75~79old,693679,270523,423156
Showa,25,1950,80~84old,279254,96600,182654
Showa,25,1950,85oldmore,96512,29003,67509
Showa,30,1955,Total,90076594,44242657,45833937
Showa,30,1955,0~4old,9381512,4794426,4587086
Showa,30,1955,5~9old,11156015,5694447,5461568
Showa,30,1955,10~14old,9585370,4855556,4729814
Showa,30,1955,15~19old,8709075,4383128,4325947
Showa,30,1955,20~24old,8475954,4231701,4244253
Showa,30,1955,25~29old,7663079,3802724,3860355
Showa,30,1955,30~34old,6162622,2817154,3345468
Showa,30,1955,35~39old,5154689,2336529,2818160
Showa,30,1955,40~44old,4980506,2340429,2640077
Showa,30,1955,45~49old,4397993,2149102,2248891
Showa,30,1955,50~54old,3876779,1941081,1935698
Showa,30,1955,55~59old,3228362,1617760,1610602
Showa,30,1955,60~64old,2517556,1235983,1281573
Showa,30,1955,65~69old,1982599,925400,1057199
Showa,30,1955,70~74old,1392662,593776,798886
Showa,30,1955,75~79old,875701,342059,533642
Showa,30,1955,80~84old,377787,133192,244595
Showa,30,1955,85oldmore,134122,39681,94441
Showa,35,1960,Total,94301623,46300445,48001178
Showa,35,1960,0~4old,7964828,4073749,3891079
Showa,35,1960,5~9old,9339141,4770578,4568563
Showa,35,1960,10~14old,11130190,5677909,5452281
Showa,35,1960,15~19old,9379673,4713854,4665819
Showa,35,1960,20~24old,8390982,4160096,4230886
Showa,35,1960,25~29old,8279524,4129166,4150358
Showa,35,1960,30~34old,7575693,3774040,3801653
Showa,35,1960,35~39old,6083135,2782870,3300265
Showa,35,1960,40~44old,5057947,2291120,2766827
Showa,35,1960,45~49old,4850813,2271959,2578854
Showa,35,1960,50~54old,4231204,2053737,2177467
Showa,35,1960,55~59old,3667376,1813371,1854005
Showa,35,1960,60~64old,2953008,1446757,1506251
Showa,35,1960,65~69old,2179290,1035042,1144248
Showa,35,1960,70~74old,1577027,698672,878355
Showa,35,1960,75~79old,963397,379767,583630
Showa,35,1960,80~84old,487663,170599,317064
Showa,35,1960,85oldmore,190603,57103,133500
Showa,40,1965,Total,99209137,48692138,50516999
Showa,40,1965,0~4old,8241607,4204772,4036835
Showa,40,1965,5~9old,7970120,4056194,3913926
Showa,40,1965,10~14old,9317503,4738325,4579178
Showa,40,1965,15~19old,10947996,5527355,5420641
Showa,40,1965,20~24old,9127519,4523969,4603550
Showa,40,1965,25~29old,8435227,4191561,4243666
Showa,40,1965,30~34old,8324917,4180969,4143948
Showa,40,1965,35~39old,7553997,3773472,3780525
Showa,40,1965,40~44old,6005021,2748642,3256379
Showa,40,1965,45~49old,4959332,2240740,2718592
Showa,40,1965,50~54old,4691471,2187487,2503984
Showa,40,1965,55~59old,4030134,1942543,2087591
Showa,40,1965,60~64old,3368628,1635046,1733582
Showa,40,1965,65~69old,2581466,1226741,1354725
Showa,40,1965,70~74old,1760618,795372,965246
Showa,40,1965,75~79old,1106137,455411,650726
Showa,40,1965,80~84old,533914,188750,345164
Showa,40,1965,85oldmore,253479,74765,178714
Showa,45,1970,Total,104665171,51369177,53295994
Showa,45,1970,0~4old,8907564,4564915,4342649
Showa,45,1970,5~9old,8267336,4225903,4041433
Showa,45,1970,10~14old,7977879,4066571,3911308
Showa,45,1970,15~19old,9167044,4622873,4544171
Showa,45,1970,20~24old,10727636,5344885,5382751
Showa,45,1970,25~29old,9148198,4545780,4602418
Showa,45,1970,30~34old,8441333,4215776,4225557
Showa,45,1970,35~39old,8272842,4154678,4118164
Showa,45,1970,40~44old,7393628,3690875,3702753
Showa,45,1970,45~49old,5919697,2696819,3222878
Showa,45,1970,50~54old,4841390,2172383,2669007
Showa,45,1970,55~59old,4455213,2055135,2400078
Showa,45,1970,60~64old,3752119,1766393,1985726
Showa,45,1970,65~69old,3005586,1407870,1597716
Showa,45,1970,70~74old,2150406,968076,1182330
Showa,45,1970,75~79old,1280431,536369,744062
Showa,45,1970,80~84old,656578,243532,413046
Showa,45,1970,85oldmore,300291,90344,209947
Showa,50,1975,Total,111939643,55090673,56848970
Showa,50,1975,0~4old,10000607,5127359,4873248
Showa,50,1975,5~9old,8938021,4583653,4354368
Showa,50,1975,10~14old,8282064,4237041,4045023
Showa,50,1975,15~19old,7948546,4040280,3908266
Showa,50,1975,20~24old,9071509,4563526,4507983
Showa,50,1975,25~29old,10794583,5426289,5368294
Showa,50,1975,30~34old,9245791,4624591,4621200
Showa,50,1975,35~39old,8422320,4212566,4209754
Showa,50,1975,40~44old,8224070,4125063,4099007
Showa,50,1975,45~49old,7361410,3656501,3704909
Showa,50,1975,50~54old,5781705,2616771,3164934
Showa,50,1975,55~59old,4673649,2072676,2600973
Showa,50,1975,60~64old,4283734,1935823,2347911
Showa,50,1975,65~69old,3449037,1571228,1877809
Showa,50,1975,70~74old,2575882,1147922,1427960
Showa,50,1975,75~79old,1641007,688306,952701
Showa,50,1975,80~84old,808703,307763,500940
Showa,50,1975,85oldmore,390800,122647,268153
Showa,55,1980,Total,117060396,57593769,59466627
Showa,55,1980,0~4old,8515416,4366100,4149316
Showa,55,1980,5~9old,10032034,5142487,4889547
Showa,55,1980,10~14old,8959628,4594813,4364815
Showa,55,1980,15~19old,8272245,4223685,4048560
Showa,55,1980,20~24old,7841026,3960116,3880910
Showa,55,1980,25~29old,9041355,4545468,4495887
Showa,55,1980,30~34old,10771731,5421545,5350186
Showa,55,1980,35~39old,9201581,4594716,4606865
Showa,55,1980,40~44old,8337500,4158990,4178510
Showa,55,1980,45~49old,8090387,4033146,4057241
Showa,55,1980,50~54old,7200022,3546963,3653059
Showa,55,1980,55~59old,5613505,2511379,3102126
Showa,55,1980,60~64old,4465247,1945930,2519317
Showa,55,1980,65~69old,3964681,1743659,2221022
Showa,55,1980,70~74old,3022977,1317661,1705316
Showa,55,1980,75~79old,2036685,848714,1187971
Showa,55,1980,80~84old,1093643,417715,675928
Showa,55,1980,85oldmore,529370,171959,357411
Showa,60,1985,Total,121048923,59497316,61551607
Showa,60,1985,0~4old,7459263,3818777,3640486
Showa,60,1985,5~9old,8531834,4373058,4158776
Showa,60,1985,10~14old,10042121,5146970,4895151
Showa,60,1985,15~19old,8979947,4600427,4379520
Showa,60,1985,20~24old,8200554,4165995,4034559
Showa,60,1985,25~29old,7823402,3948330,3875072
Showa,60,1985,30~34old,9054224,4558265,4495959
Showa,60,1985,35~39old,10738044,5398230,5339814
Showa,60,1985,40~44old,9134954,4551877,4583077
Showa,60,1985,45~49old,8236614,4092121,4144493
Showa,60,1985,50~54old,7932994,3926414,4006580
Showa,60,1985,55~59old,6999745,3409374,3590371
Showa,60,1985,60~64old,5405538,2379902,3025636
Showa,60,1985,65~69old,4193419,1781008,2412411
Showa,60,1985,70~74old,3563397,1503595,2059802
Showa,60,1985,75~79old,2493343,1017428,1475915
Showa,60,1985,80~84old,1432937,542243,890694
Showa,60,1985,85oldmore,785247,255975,529272
Heisei,2,1990,Total,123611167,60696724,62914443
Heisei,2,1990,0~4old,6492897,3326039,3166858
Heisei,2,1990,5~9old,7466557,3821833,3644724
Heisei,2,1990,10~14old,8526785,4369880,4156905
Heisei,2,1990,15~19old,10007087,5122215,4884872
Heisei,2,1990,20~24old,8800121,4468199,4331922
Heisei,2,1990,25~29old,8070713,4078469,3992244
Heisei,2,1990,30~34old,7787685,3925353,3862332
Heisei,2,1990,35~39old,9003780,4524829,4478951
Heisei,2,1990,40~44old,10658290,5349985,5308305
Heisei,2,1990,45~49old,9018012,4482298,4535714
Heisei,2,1990,50~54old,8088386,3997248,4091138
Heisei,2,1990,55~59old,7724888,3783367,3941521
Heisei,2,1990,60~64old,6745014,3236549,3508465
Heisei,2,1990,65~69old,5103576,2194783,2908793
Heisei,2,1990,70~74old,3817534,1559972,2257562
Heisei,2,1990,75~79old,3018213,1197457,1820756
Heisei,2,1990,80~84old,1832858,678385,1154473
Heisei,2,1990,85oldmore,1122414,357040,765374
Heisei,7,1995,Total,125570246,61574398,63995848
Heisei,7,1995,0~4old,5995254,3070015,2925239
Heisei,7,1995,5~9old,6540671,3349827,3190844
Heisei,7,1995,10~14old,7477805,3826968,3650837
Heisei,7,1995,15~19old,8557958,4385775,4172183
Heisei,7,1995,20~24old,9895001,5041228,4853773
Heisei,7,1995,25~29old,8788141,4452125,4336016
Heisei,7,1995,30~34old,8126455,4113849,4012606
Heisei,7,1995,35~39old,7822221,3945809,3876412
Heisei,7,1995,40~44old,9006072,4527352,4478720
Heisei,7,1995,45~49old,10618366,5328335,5290031
Heisei,7,1995,50~54old,8921918,4421787,4500131
Heisei,7,1995,55~59old,7953480,3906621,4046859
Heisei,7,1995,60~64old,7475109,3611948,3863161
Heisei,7,1995,65~69old,6396078,2998706,3397372
Heisei,7,1995,70~74old,4695167,1941558,2753609
Heisei,7,1995,75~79old,3289067,1260411,2028656
Heisei,7,1995,80~84old,2300765,824492,1476273
Heisei,7,1995,85oldmore,1579745,479086,1100659
Heisei,12,2000,Total,126925843,62110764,64815079
Heisei,12,2000,0~4old,5904098,3022521,2881577
Heisei,12,2000,5~9old,6021789,3083431,2938358
Heisei,12,2000,10~14old,6546612,3353150,3193462
Heisei,12,2000,15~19old,7488165,3833984,3654181
Heisei,12,2000,20~24old,8421460,4307242,4114218
Heisei,12,2000,25~29old,9790309,4965277,4825032
Heisei,12,2000,30~34old,8776610,4436818,4339792
Heisei,12,2000,35~39old,8114865,4096286,4018579
Heisei,12,2000,40~44old,7800219,3924171,3876048
Heisei,12,2000,45~49old,8916008,4467772,4448236
Heisei,12,2000,50~54old,10441990,5210038,5231952
Heisei,12,2000,55~59old,8734172,4290239,4443933
Heisei,12,2000,60~64old,7735833,3749528,3986305
Heisei,12,2000,65~69old,7105939,3357281,3748658
Heisei,12,2000,70~74old,5900576,2670270,3230306
Heisei,12,2000,75~79old,4150600,1625822,2524778
Heisei,12,2000,80~84old,2614689,915268,1699421
Heisei,12,2000,85oldmore,2233348,653475,1579873
Heisei,17,2005,Total,127767994,62348977,65419017
Heisei,17,2005,0~4old,5578087,2854502,2723585
Heisei,17,2005,5~9old,5928495,3036503,2891992
Heisei,17,2005,10~14old,6014652,3080678,2933974
Heisei,17,2005,15~19old,6568380,3373430,3194950
Heisei,17,2005,20~24old,7350598,3754822,3595776
Heisei,17,2005,25~29old,8280049,4198551,4081498
Heisei,17,2005,30~34old,9754857,4933265,4821592
Heisei,17,2005,35~39old,8735781,4402787,4332994
Heisei,17,2005,40~44old,8080596,4065470,4015126
Heisei,17,2005,45~49old,7725861,3867500,3858361
Heisei,17,2005,50~54old,8796499,4383240,4413259
Heisei,17,2005,55~59old,10255164,5077369,5177795
Heisei,17,2005,60~64old,8544629,4154529,4390100
Heisei,17,2005,65~69old,7432610,3545006,3887604
Heisei,17,2005,70~74old,6637497,3039743,3597754
Heisei,17,2005,75~79old,5262801,2256317,3006484
Heisei,17,2005,80~84old,3412393,1222635,2189758
Heisei,17,2005,85~89old,1849260,555126,1294134
Heisei,17,2005,90~94old,840870,210586,630284
Heisei,17,2005,95~99old,211221,41426,169795
Heisei,17,2005,100~104old,23873,3580,20293
Heisei,17,2005,105~109old,1458,178,1280
Heisei,17,2005,110oldmore,22,2,20
Heisei,22,2010,Total,128057352,62327737,65729615
Heisei,22,2010,0~4old,5296748,2710581,2586167
Heisei,22,2010,5~9old,5585661,2859805,2725856
Heisei,22,2010,10~14old,5921035,3031943,2889092
Heisei,22,2010,15~19old,6063357,3109229,2954128
Heisei,22,2010,20~24old,6426433,3266240,3160193
Heisei,22,2010,25~29old,7293701,3691723,3601978
Heisei,22,2010,30~34old,8341497,4221011,4120486
Heisei,22,2010,35~39old,9786349,4950122,4836227
Heisei,22,2010,40~44old,8741865,4400375,4341490
Heisei,22,2010,45~49old,8033116,4027969,4005147
Heisei,22,2010,50~54old,7644499,3809576,3834923
Heisei,22,2010,55~59old,8663734,4287489,4376245
Heisei,22,2010,60~64old,10037249,4920468,5116781
Heisei,22,2010,65~69old,8210173,3921774,4288399
Heisei,22,2010,70~74old,6963302,3225503,3737799
Heisei,22,2010,75~79old,5941013,2582940,3358073
Heisei,22,2010,80~84old,4336264,1692584,2643680
Heisei,22,2010,85~89old,2432588,744222,1688366
Heisei,22,2010,90~94old,1021707,241799,779908
Heisei,22,2010,95~99old,296756,55739,241017
Heisei,22,2010,100~104old,41318,5598,35720
Heisei,22,2010,105~109old,2486,250,2236
Heisei,22,2010,110oldmore,78,3,75
Heisei,27,2015,Total,127094745,61841738,65253007
Heisei,27,2015,0~4old,4987706,2550921,2436785
Heisei,27,2015,5~9old,5299787,2714591,2585196
Heisei,27,2015,10~14old,5599317,2868024,2731293
Heisei,27,2015,15~19old,6008388,3085416,2922972
Heisei,27,2015,20~24old,5968127,3046392,2921735
Heisei,27,2015,25~29old,6409612,3255717,3153895
Heisei,27,2015,30~34old,7290878,3684747,3606131
Heisei,27,2015,35~39old,8316157,4204202,4111955
Heisei,27,2015,40~44old,9732218,4914018,4818200
Heisei,27,2015,45~49old,8662804,4354877,4307927
Heisei,27,2015,50~54old,7930296,3968311,3961985
Heisei,27,2015,55~59old,7515246,3729523,3785723
Heisei,27,2015,60~64old,8455010,4151119,4303891
Heisei,27,2015,65~69old,9643867,4659662,4984205
Heisei,27,2015,70~74old,7695811,3582440,4113371
Heisei,27,2015,75~79old,6276856,2787417,3489439
Heisei,27,2015,80~84old,4961420,1994326,2967094
Heisei,27,2015,85~89old,3117257,1056641,2060616
Heisei,27,2015,90~94old,1349120,333335,1015785
Heisei,27,2015,95~99old,359347,63265,296082
Heisei,27,2015,100~104old,57847,7991,49856
Heisei,27,2015,105~109old,3770,383,3387
Heisei,27,2015,110oldmore,146,9,137
